,Critics,Lady,Snakes,Luck,Superman,Dupree,Night
0,Lisa,2.5,3.5,3,3.5,2.5,3
1,Gene,3,3.5,1.5,5,3.5,3
2,Michael,2.5,3,,3.5,,4
3,Claudia,,3.5,3,4,2.5,4.5
4,Mick,3,4,2,3,2,3
5,Jack,3,4,,5,3.5,3
6,Toby,,4.5,,4,1,
7,Anne,1.5,3.7102754377162173,4,3.908627564898196,2,3.6071368399770862
